{"WeightFactor": [1.0, 1.0], "Weight": [1.0, 0.00031475080684714826], "ENumer": [0.12706480956961563, 0.00057748930951224], "EDenom": [1.0, 0.00031475080684714826], "ETotal": [0.12706480956961563, 1.834750847176334], "E1Body": [-12.035567865348977, -1.6611431481738972], "E2Body": [12.162632674918592, 3.495893995350231], "EHybrid": [0.0, 0.0], "Overlap": [1.0, 1.0], "Nav": [9.864020634242591, 5.424380018458521]}