{"WeightFactor": [32.0, 47.78867518157943], "Weight": [32.0, 32.00000000000001], "ENumer": [853.4128425513711, 986.9845115919738], "EDenom": [32.0, 32.00000000000001], "ETotal": [26.669151329730347, 30.843265987249175], "E1Body": [28.374994808285724, 33.2211214029656], "E2Body": [-1.7058434785553744, -2.3778554157164185], "EHybrid": [0.0, 0.0], "Overlap": [1.0, 1.0], "Nav": [14.000000381209661, 16.3778298504611]}