{"WeightFactor": [32.0, 47.947639102045635], "Weight": [32.0, 31.999999999999993], "ENumer": [853.4128425513718, 986.7978362646822], "EDenom": [32.0, 31.999999999999993], "ETotal": [26.66915132973037, 30.837432383271327], "E1Body": [28.374994808285745, 33.217171356971804], "E2Body": [-1.705843478555375, -2.379738973700476], "EHybrid": [0.0, 0.0], "Overlap": [1.0, 1.0], "Nav": [14.000000381209672, 16.37587194751124]}